IDX,IPC,CYCLE,INSTNUM,REGR,REGW,ROBR,ROBW,MEMR,MEMW,Branches,PVF
1,0.098446,2000.0,190,0.1315,0.0695,0.394,0.2735,0.22631578947368422,0.30526315789473685,0.13157894736842105,0.35055
2,0.111026,4000.0,436,0.16575,0.0985,0.5135,0.4075,0.27293577981651373,0.20642201834862386,0.20871559633027523,0.35055
3,0.100852,6000.0,604,0.1515,0.09216666666666666,0.49783333333333335,0.37316666666666665,0.23841059602649006,0.20198675496688742,0.22019867549668873,0.35055
4,0.105983,8000.0,845,0.164,0.101,0.527625,0.391125,0.21420118343195266,0.20591715976331362,0.20828402366863905,0.35055
5,0.104999,10000.0,1048,0.1636,0.1015,0.5099,0.3746,0.20896946564885496,0.21087786259541985,0.20038167938931298,0.35055
6,0.140018,12000.0,1677,0.22033333333333333,0.13575,0.5649166666666666,0.45358333333333334,0.1997614788312463,0.16398330351818724,0.1454979129397734,0.35055
7,0.173549,14000.0,2425,0.2775,0.15414285714285714,0.6338571428571429,0.5435714285714286,0.16371134020618558,0.17030927835051546,0.15463917525773196,0.35055
8,0.181477,16000.0,2898,0.2815625,0.155375,0.7050625,0.54525,0.15527950310559005,0.16804692891649414,0.1611456176673568,0.35055
9,0.170908,18000.0,3069,0.26261111111111113,0.14405555555555555,0.6725,0.5132777777777778,0.1544477028347996,0.17302052785923755,0.1609644835451287,0.35055
10,0.162817,20000.0,3250,0.25,0.1374,0.6476,0.49195,0.15476923076923077,0.172,0.164,0.35055
11,0.171881,22000.0,3774,0.2666818181818182,0.1446818181818182,0.6695454545454546,0.5218181818181818,0.1534181240063593,0.1902490726020138,0.16507684154742977,0.35055
12,0.215672,24000.0,5166,0.3299166666666667,0.18054166666666666,0.766625,0.6581666666666667,0.15253581107239644,0.17305458768873402,0.17518389469608983,0.35055
13,0.241551,26000.0,6268,0.36580769230769233,0.20046153846153847,0.8125,0.7290384615384615,0.1496490108487556,0.17278238672622845,0.17788768347160178,0.35055
14,0.235486,28000.0,6575,0.3555,0.19664285714285715,0.7963928571428571,0.7104285714285714,0.15072243346007605,0.17155893536121672,0.17840304182509506,0.35055
15,0.232557,30000.0,6963,0.35286666666666666,0.19333333333333333,0.7841666666666667,0.7022,0.1502226051989085,0.18110010053138015,0.1765043802958495,0.35055
16,0.224028,32000.0,7142,0.3375625,0.185375,0.76315625,0.673375,0.1512181461775413,0.1835620274432932,0.1775413049565948,0.35055
17,0.215395,34000.0,7309,0.3262058823529412,0.1804705882352941,0.7433823529411765,0.6523529411764706,0.15474073060610208,0.18456697222602272,0.17882063209741414,0.35055
18,0.209775,36000.0,7537,0.31783333333333336,0.17616666666666667,0.7321944444444445,0.6405277777777778,0.154438105346955,0.18628101366591482,0.1788510017248242,0.35055
19,0.209107,38000.0,7912,0.31692105263157894,0.17692105263157895,0.7275263157894737,0.6394736842105263,0.1589989888776542,0.18819514661274014,0.17997977755308392,0.35055
20,0.21609,40000.0,8616,0.32915,0.18505,0.7413,0.667175,0.16411327762302694,0.18929897864438255,0.18117455896007428,0.35055
21,0.211108,42000.0,8851,0.3231904761904762,0.1779047619047619,0.7295714285714285,0.6523095238095238,0.17060219184272962,0.19466726923511468,0.17817195797085075,0.35055
22,0.213376,44000.0,9372,0.3332272727272727,0.17054545454545456,0.7500681818181818,0.6470454545454546,0.18693982074263765,0.20977379428083653,0.1689073836961161,0.35055
23,0.216036,46000.0,9920,0.3451521739130435,0.16384782608695653,0.7706739130434782,0.6427826086956522,0.20241935483870968,0.22399193548387097,0.16018145161290323,0.35055
24,0.218516,48000.0,10470,0.3554583333333333,0.15764583333333335,0.7882916666666666,0.63875,0.21623686723973257,0.23667621776504297,0.15234001910219674,0.35055
25,0.216629,50000.0,10812,0.34934,0.15508,0.78222,0.63162,0.21984831668516464,0.2389937106918239,0.15223825379208286,0.35055
26,0.211322,52000.0,10969,0.34028846153846154,0.15176923076923077,0.7661730769230769,0.6183461538461539,0.21943659403774274,0.2378521287264108,0.15315890236119975,0.35055
27,0.215297,54000.0,11605,0.3441111111111111,0.1560740740740741,0.7709074074074074,0.6312962962962962,0.21835415769065059,0.23429556225764755,0.15510555794915984,0.35055
28,0.214944,56000.0,12015,0.34069642857142857,0.15530357142857143,0.7656607142857143,0.6309642857142858,0.21639617145235124,0.23320848938826466,0.15655430711610488,0.35055
29,0.249875,58000.0,14466,0.3709137931034483,0.1733448275862069,0.825551724137931,0.7247586206896551,0.2207244573482649,0.23060970551638324,0.16362505184570716,0.35055
30,0.283028,60000.0,16950,0.39931666666666665,0.19031666666666666,0.8817166666666667,0.8122833333333334,0.22348082595870206,0.22902654867256636,0.16855457227138643,0.35055
31,0.314075,62000.0,19436,0.42598387096774193,0.20616129032258065,0.9344354838709678,0.8944354838709677,0.22617822597242232,0.22751594978390616,0.17246346984976332,0.35055
32,0.343322,64000.0,21931,0.451484375,0.221171875,0.984015625,0.972125,0.22785098718708677,0.22712142629155077,0.1752314075965528,0.35055
33,0.370614,66000.0,24414,0.4748787878787879,0.23515151515151514,1.0302272727272728,1.0441363636363636,0.22904890636520028,0.2261816990251495,0.17748013434914395,0.35055
34,0.396346,68000.0,26900,0.4969264705882353,0.24826470588235294,1.0739117647058825,1.112220588235294,0.23052044609665429,0.2253531598513011,0.17947955390334572,0.35055
35,0.42075,70000.0,29396,0.5182142857142857,0.2607857142857143,1.1152857142857142,1.1770142857142858,0.23139202612600354,0.22526874404680908,0.18094298544019594,0.35055
36,0.42316,72000.0,30409,0.5164444444444445,0.26122222222222224,1.1180277777777778,1.182,0.23088559308099577,0.2229274228024598,0.17919037127166298,0.35055
37,0.430084,74000.0,31765,0.5176216216216216,0.2636216216216216,1.1346351351351351,1.1952702702702702,0.2305997166692901,0.21939241303321266,0.17531874704863845,0.35055
38,0.436486,76000.0,33109,0.5187368421052632,0.26589473684210524,1.1502236842105262,1.2076842105263157,0.23017910537920203,0.21622519556616027,0.1718263916155728,0.35055
39,0.444833,78000.0,34630,0.5212307692307693,0.26894871794871794,1.1675,1.224576923076923,0.23008951775916836,0.21276349985561652,0.16820675714698238,0.35055
40,0.451861,80000.0,36079,0.5236,0.27185,1.182875,1.23915,0.22952409989190387,0.21001136395132902,0.16499902990659387,0.35055
41,0.461527,82000.0,37772,0.5278536585365854,0.27575609756097563,1.2008780487804878,1.2600121951219512,0.22934978290797417,0.20713756221539764,0.16168060997564335,0.35055
42,0.494805,84000.0,41483,0.5524285714285714,0.2924404761904762,1.2447261904761904,1.340892857142857,0.22879251741677314,0.201431911867512,0.15534074199069497,0.35055
43,0.527537,86000.0,45280,0.5762558139534883,0.30872093023255814,1.2868953488372092,1.419186046511628,0.22815812720848055,0.19628975265017667,0.1497791519434629,0.35055
44,0.546166,88000.0,47969,0.5918068181818181,0.31828409090909093,1.3169772727272728,1.469125,0.2283558131293127,0.19602243115345327,0.15065980112155766,0.35055
45,0.561506,90000.0,50437,0.6058444444444444,0.32634444444444444,1.3434333333333333,1.5107777777777778,0.2292166465095069,0.19713702242401412,0.1530027559133176,0.35055
46,0.576451,92000.0,52930,0.6195434782608695,0.3341195652173913,1.3688804347826087,1.5512173913043479,0.22979406763650104,0.1980918193840922,0.1550727375779331,0.35055
47,0.590728,94000.0,55420,0.6324893617021277,0.34156382978723404,1.3933297872340427,1.589627659574468,0.2302057019126669,0.1992601948754962,0.15696499458679178,0.35055
48,0.604296,96000.0,57899,0.6448541666666666,0.34865625,1.4166458333333334,1.6264791666666667,0.23083300229710357,0.20005526865748977,0.15877649009482028,0.35055
49,0.617514,98000.0,60398,0.657,0.35553061224489796,1.4391326530612245,1.6621836734693878,0.23124937911851387,0.20081790787774428,0.16036954866055167,0.53643
50,0.630074,100000.0,62884,0.66834,0.36207,1.46065,1.69601,0.23156923859805356,0.20168882386616627,0.16182176706316392,0.54889
51,0.631119,102000.0,64248,0.6733333333333333,0.3633823529411765,1.467372549019608,1.7023529411764706,0.2309955173701905,0.20483127879467064,0.16223073091769394,0.54889
52,0.625745,104000.0,64950,0.6783846153846154,0.3623942307692308,1.4710384615384615,1.6951153846153846,0.22849884526558892,0.2122247882986913,0.16167821401077753,0.54889
53,0.620235,106000.0,65616,0.682556603773585,0.3612075471698113,1.4738962264150943,1.6872075471698114,0.22617959034381857,0.2190929041697147,0.16116495976591075,0.54889
54,0.615262,108000.0,66318,0.68725,0.3602962962962963,1.477287037037037,1.6805185185185185,0.2237853976296028,0.22618293675925089,0.16063512168641997,0.54889
55,0.610142,110000.0,66984,0.6911090909090909,0.3591909090909091,1.479918181818182,1.6731636363636364,0.22156037262629882,0.23277200525498626,0.1601427206497074,0.54889
56,0.605205,112000.0,67650,0.6948303571428571,0.358125,1.4824553571428571,1.6660982142857144,0.21937915742793793,0.23923133776792313,0.159660014781966,0.54889
57,0.600758,114000.0,68352,0.6990614035087719,0.3573157894736842,1.4855350877192983,1.6601052631578948,0.21712605337078653,0.24590355805243447,0.15916139981273408,0.54889
58,0.596127,116000.0,69015,0.7024913793103448,0.3563103448275862,1.4878362068965518,1.6534310344827585,0.2150402086502934,0.25207563573136277,0.1586901398246758,0.54889
59,0.591891,118000.0,69706,0.7062457627118645,0.3554915254237288,1.4905508474576272,1.6475932203389831,0.21290850142025078,0.25841390984994117,0.15822167388747024,0.54889
60,0.587512,120000.0,70363,0.7092166666666667,0.354475,1.4925916666666668,1.6410666666666667,0.21092051220101474,0.2642724159004022,0.15778178872418744,0.54889
61,0.583556,122000.0,71054,0.7126803278688525,0.3536885245901639,1.4951311475409836,1.6355573770491802,0.20886931066512793,0.270357756072846,0.15733104399470824,0.50157
62,0.579768,124000.0,71750,0.7161532258064516,0.3529838709677419,1.4976532258064517,1.6303790322580645,0.2068432055749129,0.2763623693379791,0.1568780487804878,0.50157
63,0.578609,126000.0,72758,0.7191904761904762,0.3537619047619048,1.4989920634920635,1.6281507936507937,0.2055444074878364,0.2785947936996619,0.1564226614255477,0.50157
64,0.591326,128000.0,75541,0.741765625,0.36709375,1.510328125,1.6490703125,0.21389708899802756,0.2739704266557234,0.1513217987582902,0.50157
65,0.610686,130000.0,79233,0.7737615384615385,0.3857076923076923,1.5308230769230768,1.6828846153846153,0.22407330279050397,0.2683730263905191,0.14510368154683023,0.50157
66,0.628578,132000.0,82809,0.8037575757575758,0.40318939393939396,1.5500151515151515,1.7146136363636364,0.23303022618314434,0.26342547307659797,0.13962250480020288,0.50157
67,0.646744,134000.0,86493,0.8337462686567164,0.4206417910447761,1.5692611940298506,1.74644776119403,0.24153399697085312,0.2587377013168696,0.13443862509104784,0.50157
68,0.663867,136000.0,90108,0.8622205882352941,0.4371985294117647,1.5874779411764706,1.7764485294117647,0.24914546988058775,0.2545278998535091,0.12978869800683623,0.50157
69,0.680414,138000.0,93712,0.8899782608695652,0.4533260869565217,1.605231884057971,1.8059057971014494,0.25621051732969097,0.2506082465425986,0.12549086563086906,0.50157
70,0.696209,140000.0,97277,0.9163,0.4686142857142857,1.6221714285714286,1.8336357142857143,0.26262117458392015,0.24708821201311718,0.12157036092807139,0.50157
71,0.712342,142000.0,100953,0.9430704225352112,0.48419014084507045,1.639274647887324,1.8619366197183098,0.2688082573078561,0.24365793983338782,0.11779739086505601,0.50157
72,0.72802,144000.0,104628,0.9690486111111111,0.4992847222222222,1.655888888888889,1.8895069444444443,0.27451542608097257,0.24051879038115992,0.11430018733035134,0.50157
73,0.743269,146000.0,108303,0.9942945205479452,0.513972602739726,1.6720753424657535,1.9162465753424658,0.2798814437273206,0.23755574637821666,0.11103108870483736,0.50157
74,0.757875,148000.0,111944,1.0187094594594595,0.5281216216216216,1.6876418918918918,1.942087837837838,0.2848031158436361,0.23483170156506825,0.10800936182376902,0.50157
75,0.77242,150000.0,115634,1.0426733333333333,0.5420866666666667,1.70304,1.9674733333333334,0.289516924088071,0.23224138229240535,0.10513343826210284,0.50157
76,0.786087,152000.0,119249,1.0653947368421053,0.5552697368421052,1.7175657894736842,1.9914605263157894,0.29381378460196733,0.2298635627971723,0.10250819713372858,0.50157
77,0.799802,154000.0,122926,1.0880844155844156,0.5684935064935065,1.7321168831168832,2.015474025974026,0.29797601809218555,0.2275678050209069,0.09997884906366432,0.50157
78,0.813121,156000.0,126596,1.1102307692307691,0.5813525641025641,1.74625,2.0389423076923077,0.3018499794622263,0.2254336629909318,0.09759392081898323,0.50157
79,0.82616,158000.0,130275,1.1318101265822784,0.5938987341772152,1.7600569620253164,2.061784810126582,0.30552293225868354,0.22339666090961427,0.09535981577432355,0.50157
80,0.837614,160000.0,133753,1.15130625,0.6051625,1.772575,2.0824625,0.30877812086457873,0.22157260024074227,0.09339603597676314,0.50157
81,0.849292,162000.0,137313,1.1709197530864197,0.6166111111111111,1.7851666666666666,2.1031851851851853,0.31197337469868114,0.21980438851383335,0.09144072301967039,0.50157
82,0.861156,164000.0,140950,1.1906036585365853,0.6280487804878049,1.797810975609756,2.1240487804878048,0.3150549840368925,0.21811280595956012,0.08954948563320327,0.50157
83,0.871159,166000.0,144326,1.207722891566265,0.6380240963855421,1.8089036144578314,2.1421746987951806,0.31778058007566207,0.21658606210939124,0.08791901667059296,0.50157
84,0.882611,168000.0,147985,1.226767857142857,0.6490952380952381,1.821065476190476,2.1623809523809525,0.3206000608169747,0.21502179274926514,0.0861979254654188,0.50157
85,0.891814,170000.0,151308,1.242735294117647,0.6583705882352942,1.8313764705882354,2.179011764705882,0.32303645544188014,0.21367012980146458,0.08472783990271499,0.50157
86,0.902818,172000.0,154977,1.2609302325581395,0.6689476744186047,1.8430406976744187,2.1983953488372094,0.32560960658678384,0.21226375526691058,0.08314136936448634,0.50157
87,0.91316,174000.0,158575,1.2781436781609194,0.6789597701149426,1.854051724137931,2.216454022988506,0.3280277471228126,0.2109159703610279,0.08167743969730412,0.50157
88,0.923683,176000.0,162246,1.295596590909091,0.6891136363636363,1.8651988636363637,2.2349375,0.3303686993824193,0.20962612329425687,0.0802300210791021,0.50157
89,0.933891,178000.0,165903,1.3125393258426967,0.6989269662921348,1.8760449438202247,2.252876404494382,0.3326100191075508,0.20839285606649668,0.07886536108448913,0.50157
90,0.943014,180000.0,169406,1.328,0.7079444444444445,1.8859833333333333,2.2692666666666668,0.33466347118756123,0.207253580156547,0.07761236319846995,0.50157
91,0.952901,182000.0,173084,1.3443461538461539,0.7174615384615385,1.8964395604395605,2.286565934065934,0.33673823114788193,0.20610801691664163,0.0763559889995609,0.50157
92,0.962224,184000.0,176698,1.3597934782608696,0.726445652173913,1.9063478260869566,2.3028967391304347,0.3386795549468585,0.20504476564533838,0.07516214105422812,0.50157
93,0.970441,186000.0,180144,1.3738602150537635,0.7346236559139785,1.9154247311827957,2.317736559139785,0.340460964561684,0.20404787281286083,0.07408517630340172,0.50157
94,0.979395,188000.0,183761,1.388718085106383,0.7432925531914893,1.9249148936170213,2.333441489361702,0.34225434123671505,0.20306267379911952,0.07298066510304145,0.50157
95,0.977793,190000.0,185412,1.387478947368421,0.7427578947368421,1.9204473684210526,2.3276052631578947,0.3428742476215132,0.2024572303842254,0.07265441287511057,0.50157
96,0.978968,192000.0,187589,1.3899322916666668,0.7443020833333334,1.9198333333333333,2.327072916666667,0.34319709577853713,0.2011791736189222,0.07239230445281973,0.50157
97,0.986359,194000.0,190974,1.4021649484536083,0.7514020618556702,1.9277731958762887,2.339561855670103,0.3445023929959052,0.20008482830123472,0.07159089719019343,0.50157
98,0.994959,196000.0,194625,1.416423469387755,0.7596530612244898,1.9369591836734694,2.35475,0.3461271676300578,0.19922928709055876,0.07058702633269107,0.50157
99,0.999059,198000.0,197421,1.4228232323232324,0.7633131313131313,1.9415757575757575,2.360843434343434,0.34642717846632326,0.1977601167049098,0.07029647301958758,0.50157
100,1.003597,200000.0,200321,1.43037,0.76755,1.94633,2.367,0.3468183565377569,0.1962749786592519,0.07002261370500347,0.50157
101,1.008462,202000.0,203305,1.4381683168316832,0.7719356435643564,1.9512475247524752,2.373460396039604,0.34721231647032785,0.19480091488158185,0.06978185484862645,0.50157
102,1.013738,204000.0,206392,1.446906862745098,0.7770784313725491,1.957235294117647,2.3826666666666667,0.34797375867281677,0.19374297453389666,0.06920326369239117,0.50157
103,1.020395,206000.0,209784,1.4580679611650484,0.7834368932038835,1.9644757281553398,2.3942961165048544,0.34923063722686193,0.19303188041032682,0.06851332799450864,0.50157
104,1.020999,208000.0,211960,1.4589951923076923,0.784014423076923,1.963875,2.3933221153846156,0.3491319116814493,0.19190885072655217,0.06836195508586526,0.50157
105,1.024535,210000.0,214739,1.4641714285714287,0.7866666666666666,1.9678,2.398047619047619,0.3495778596342537,0.1908782289197584,0.06828289225524939,0.50157
106,1.028864,212000.0,217700,1.4706792452830189,0.7904009433962265,1.9722783018867924,2.404014150943396,0.3497565457050988,0.18947634359209922,0.06802939825447864,0.50157
107,1.032996,214000.0,220636,1.4774065420560747,0.7942056074766355,1.9764859813084112,2.4093831775700933,0.3500788629235483,0.18822404322050798,0.0678221142515274,0.50157
108,1.037478,216000.0,223664,1.4846481481481482,0.798375,1.9809768518518518,2.4154305555555555,0.35034694899492097,0.18692771299806854,0.06757904714214179,0.50157
109,1.042295,218000.0,226783,1.4926422018348624,0.8029816513761467,1.9860596330275229,2.4228715596330277,0.3509390033644497,0.18593104421407247,0.06720962329627882,0.50157
110,1.047185,220000.0,229937,1.5008636363636363,0.8076363636363636,1.9914545454545454,2.431109090909091,0.35170068323062403,0.18518115831727822,0.06679220830053449,0.50157
111,1.050145,222000.0,232696,1.505608108108108,0.8098738738738739,1.9951621621621622,2.435801801801802,0.3520945783339636,0.1844767421872314,0.06671365214700725,0.50157
112,1.052708,224000.0,235365,1.5098348214285715,0.8117589285714286,1.9983482142857143,2.4394151785714286,0.35272449174686127,0.18388885348288828,0.06673889490790899,0.50157
113,1.056192,226000.0,238252,1.5153893805309735,0.8148893805309735,2.0020884955752214,2.444362831858407,0.352912042711079,0.18279384853012776,0.06655977704279502,0.50157
114,1.059909,228000.0,241206,1.5214166666666666,0.8182894736842106,2.0058991228070178,2.449263157894737,0.3531670024792086,0.18174091855094815,0.06637479996351667,0.50157
115,1.064869,230000.0,244460,1.5295304347826086,0.8230217391304347,2.0114478260869566,2.458208695652174,0.3538656630941667,0.18108074940685592,0.06587171725435655,0.50157
116,1.067829,232000.0,247271,1.5346939655172414,0.8257543103448276,2.0150387931034484,2.4630258620689656,0.3543885049197035,0.18048618721969015,0.06570523838217987,0.50157
117,1.070834,234000.0,250104,1.54,0.828440170940171,2.0186837606837607,2.467940170940171,0.35504430157054667,0.18003310622780924,0.06554473339090938,0.50157
118,1.073159,236000.0,252789,1.5437245762711864,0.8300635593220339,2.0215381355932203,2.4710889830508473,0.3555890485741073,0.17952126081435504,0.06559225282745688,0.50157
119,1.076821,238000.0,255801,1.549327731092437,0.833327731092437,2.0255756302521006,2.476873949579832,0.3558977486405448,0.17868186598175925,0.06531248900512508,0.50157
120,1.080177,240000.0,258754,1.5551291666666667,0.8365375,2.0294375,2.4824,0.35649303972112506,0.1781537676712244,0.065038608098812,0.50157
121,1.084371,242000.0,261923,1.5624628099173554,0.8405578512396694,2.034297520661157,2.48999173553719,0.35723857774994944,0.17782325339889968,0.06464495290600673,0.50157
122,1.086965,244000.0,264732,1.56672131147541,0.8426229508196721,2.0374754098360657,2.4941803278688526,0.35750494840064667,0.1772320686581146,0.06457473973679041,0.50157
123,1.091129,246000.0,267924,1.5737479674796748,0.8466504065040651,2.042040650406504,2.5012357723577234,0.3581687344172228,0.17674788372822142,0.06419357728311013,0.50157
124,1.093529,248000.0,270696,1.5781895161290322,0.8491088709677419,2.04508064516129,2.5053266129032257,0.3586606377633951,0.17626784289387357,0.06399060200372374,0.50157
125,1.098216,250000.0,274048,1.586104,0.853588,2.050264,2.513644,0.3594589269033162,0.17596187529191967,0.06354361279775805,0.50157
126,1.101265,252000.0,277008,1.5911825396825396,0.8564960317460317,2.053785714285714,2.5187261904761904,0.3598596430428002,0.175392046439092,0.06330503090163461,0.50157
127,1.104318,254000.0,279980,1.5965748031496063,0.8594724409448818,2.0573700787401576,2.523976377952756,0.36037216944067435,0.1749374955353954,0.06305807557682691,0.50157
128,1.109883,256000.0,283606,1.6058984375,0.8649296875,2.06330078125,2.5340234375,0.36130053666001427,0.17465427388701227,0.06248104765061388,0.50157
129,1.11316,258000.0,286665,1.6113720930232558,0.868,2.0669418604651164,2.5394108527131785,0.36180210350060177,0.17422426874574853,0.062236408351211345,0.50157
130,1.116397,260000.0,289727,1.6169307692307693,0.8711076923076924,2.0706076923076924,2.5448653846153846,0.3623134882147677,0.17379118963714116,0.061985938486920446,0.50157
131,1.121341,262000.0,293248,1.6251526717557252,0.8758702290076336,2.075912213740458,2.553679389312977,0.3631226811436054,0.17351865997381055,0.06151448603230031,0.50157
132,1.125265,264000.0,296520,1.6316780303030303,0.8795984848484848,2.0801212121212123,2.5603295454545454,0.3636685552407932,0.17312154323485768,0.06119991906110886,0.50157
133,1.128662,266000.0,299668,1.6373759398496242,0.8828157894736842,2.0837406015037594,2.565736842105263,0.3641029405875836,0.17263438204946807,0.060970807693847856,0.50157
134,1.132963,268000.0,303071,1.6444365671641792,0.8868768656716418,2.088347014925373,2.5731492537313434,0.3647825097089461,0.17236225174959002,0.06058646323798714,0.50157
135,1.136264,270000.0,306222,1.6501925925925927,0.8901740740740741,2.092111111111111,2.579096296296296,0.36531013447760124,0.1720222583615808,0.06028632821939638,0.50157
136,1.13895,272000.0,309219,1.6548933823529413,0.8928308823529412,2.0951948529411766,2.5835110294117647,0.36574725356462573,0.17163887083264612,0.060077162140748146,0.50157
137,1.143183,274000.0,312650,1.6618722627737226,0.8968394160583941,2.099711678832117,2.5908430656934307,0.36635854789700945,0.17134175595714057,0.05971533663841356,0.50157
138,1.146419,276000.0,315823,1.6673297101449276,0.900018115942029,2.103322463768116,2.5965833333333332,0.366790892366927,0.1709723484356744,0.059416191980951355,0.50157
139,1.149016,278000.0,318832,1.6715179856115108,0.9024172661870503,2.106165467625899,2.6006007194244605,0.3670836051588297,0.17050986099262308,0.05924123049129322,0.50157
140,1.15318,280000.0,322289,1.6783785714285715,0.9063571428571429,2.1105964285714287,2.607860714285714,0.3677010385089159,0.17027264349698562,0.05888814076806841,0.50157
141,1.156546,282000.0,325538,1.6841170212765957,0.909677304964539,2.114255319148936,2.6136843971631207,0.36814442553557497,0.16991871916642604,0.05859530991773618,0.50157
142,1.159194,284000.0,328597,1.688387323943662,0.9121091549295774,2.1171161971830985,2.61781338028169,0.36842393570239534,0.1694750712879302,0.05842719197071185,0.50157
143,1.163199,286000.0,332054,1.694979020979021,0.9158881118881119,2.121384615384615,2.624793706293706,0.3690092575304017,0.16925560300433062,0.058092960783487024,0.50157
144,1.166398,288000.0,335295,1.7004270833333333,0.9189965277777777,2.1249166666666666,2.6304375,0.36947165928510717,0.16897359042037607,0.05782370748147154,0.50157
145,1.169085,290000.0,338401,1.7050275862068967,0.9215551724137931,2.1279068965517243,2.634879310344828,0.3698541079961348,0.168643118666907,0.057650538857745695,0.50157
146,1.172563,292000.0,341748,1.7108116438356165,0.9248424657534247,2.1316369863013698,2.6408698630136986,0.370345985931154,0.16839015883048328,0.057381462364081134,0.50157
147,1.175108,294000.0,344835,1.7153809523809525,0.9275170068027211,2.1347244897959183,2.6457448979591836,0.37078022822509316,0.1681760842141894,0.057131671669059116,0.50157
148,1.177817,296000.0,347981,1.7197804054054053,0.9300337837837838,2.1375945945945944,2.6500574324324324,0.37104899405427305,0.1677735278650271,0.05695713271701616,0.50157
149,1.181163,298000.0,351327,1.7253053691275169,0.9332013422818792,2.1412013422818794,2.655788590604027,0.3715256726639285,0.16754476598724266,0.056687928909534425,0.50157
150,1.184034,300000.0,354544,1.7300766666666667,0.9360133333333334,2.14438,2.6608633333333334,0.3718720384493885,0.16725145539058622,0.05643305203303398,0.50157
151,1.186441,302000.0,357633,1.7339900662251655,0.9382649006622517,2.1469900662251655,2.6647152317880796,0.37210771936594217,0.16686938845128946,0.056281159736377796,0.50157
152,1.189842,304000.0,361033,1.7396710526315788,0.9415361842105263,2.1506480263157894,2.670671052631579,0.3725836696368476,0.16665789553863497,0.05600596067395501,0.50157
153,1.192547,306000.0,364234,1.744235294117647,0.9440849673202615,2.1536666666666666,2.6753986928104574,0.37297451638232565,0.16644794280599834,0.055804784836121835,0.50157
154,1.195207,308000.0,367432,1.7486753246753246,0.9466038961038961,2.1565974025974026,2.6799025974025974,0.3733180561301139,0.166177687299963,0.05562661934725337,0.50157
155,1.198257,310000.0,370761,1.7537387096774193,0.9495032258064516,2.159838709677419,2.685035483870968,0.3737016568625071,0.16591550891274973,0.05540496438406413,0.50157
156,1.200637,312000.0,373894,1.7578365384615384,0.9517852564102565,2.1626089743589745,2.689410256410256,0.37409533183201654,0.16575820954602105,0.0552268824854103,0.50157
157,1.20345,314000.0,377172,1.7624012738853503,0.9544394904458599,2.16556050955414,2.6940063694267518,0.3743650111885294,0.16542585345677835,0.05502529350004772,0.50157
158,1.206177,316000.0,380434,1.7669556962025317,0.9570506329113924,2.16853164556962,2.6987056962025315,0.37471414226909266,0.165187654100317,0.05482948422065326,0.50157
159,1.208756,318000.0,383660,1.7711981132075472,0.9594779874213837,2.1713773584905662,2.703245283018868,0.3750377938799979,0.1649715894281395,0.05462127925767607,0.50157
160,1.211343,320000.0,386899,1.77540625,0.96195625,2.174115625,2.707546875,0.3752788195368817,0.16465279052155732,0.05443539528404054,0.50157
161,1.214172,322000.0,390226,1.7801055900621119,0.9646428571428571,2.1771273291925466,2.7122950310559006,0.3756182314863694,0.1644175426547693,0.054235238041545154,0.50157
162,1.21653,324000.0,393412,1.7841543209876543,0.9668888888888889,2.179848765432099,2.7166141975308644,0.37600022368407676,0.16428832877492297,0.05406291623031326,0.50157
163,1.218927,326000.0,396620,1.7883588957055214,0.9693435582822086,2.1825276073619633,2.7208742331288343,0.37632242448691444,0.16406888205335082,0.05386516060713025,0.50157
164,1.22113,328000.0,399774,1.7920091463414634,0.9714115853658537,2.1849725609756097,2.7244817073170733,0.37660778339761963,0.16383756822604773,0.05372035199887937,0.50157
165,1.223628,330000.0,403034,1.7960878787878787,0.9737545454545454,2.1876939393939394,2.7288363636363635,0.37689872318464446,0.1636387997042433,0.05353642620721825,0.50157
166,1.22643,332000.0,406405,1.8006566265060242,0.9764608433734939,2.190668674698795,2.733737951807229,0.3772025442600362,0.16340842263259556,0.0533138125761248,0.50157
167,1.228669,334000.0,409599,1.8041976047904191,0.9784940119760479,2.192997005988024,2.737188622754491,0.3773886166714274,0.16311319119431444,0.05317395794423326,0.50157
168,1.231002,336000.0,412834,1.807967261904762,0.980657738095238,2.1955386904761904,2.741220238095238,0.37767722619745464,0.16293231662120852,0.052999510699215664,0.50157
169,1.233228,338000.0,416042,1.8117130177514793,0.9828786982248521,2.1980029585798815,2.7451449704142012,0.3779354007528086,0.1627071305300907,0.05281197571399041,0.50157
170,1.235434,340000.0,419252,1.8153617647058824,0.9849294117647058,2.2003882352941178,2.7487764705882354,0.37819259061375976,0.16249415625924266,0.05268191922757673,0.50157
171,1.237506,342000.0,422425,1.8188479532163742,0.9869298245614035,2.2027426900584794,2.7524883040935673,0.3784624489554359,0.16233177487127892,0.052508729360241466,0.50157
172,1.239897,344000.0,425716,1.822718023255814,0.9891686046511627,2.2052906976744184,2.756511627906977,0.3787078709750162,0.16210337408037284,0.05234240667487245,0.50157
173,1.241959,346000.0,428903,1.8262369942196532,0.9911473988439307,2.2075635838150287,2.7600115606936417,0.3789598114258935,0.16190374047278755,0.052209940242898746,0.50157
174,1.243969,348000.0,432080,1.829683908045977,0.9931149425287357,2.2098994252873565,2.7638132183908044,0.3792214404739863,0.16174782447694872,0.05204360303647473,0.50157
175,1.245973,350000.0,435263,1.8329885714285714,0.9950485714285714,2.2121142857142857,2.7672685714285716,0.37943725977167825,0.16153222304675563,0.051895061146938745,0.50157
176,1.2481,352000.0,438497,1.8365852272727272,0.99709375,2.2144488636363637,2.770926136363636,0.37968560788329225,0.1613488803800254,0.051751779373633115,0.50157
177,1.25016,354000.0,441716,1.840098870056497,0.9990649717514124,2.216742937853107,2.7745536723163844,0.37996586041710056,0.16121444548080668,0.05161234820563439,0.50157
178,1.25243,356000.0,445018,1.8439831460674156,1.0013230337078651,2.2192078651685394,2.7785449438202248,0.3802363050483351,0.16104741830667524,0.05143387458484825,0.50157
179,1.25444,358000.0,448236,1.847203910614525,1.003173184357542,2.221326815642458,2.7817709497206704,0.3803955951775404,0.16079252893564996,0.05131671708653477,0.50157
180,1.25645,360000.0,451462,1.8506083333333334,1.0050861111111111,2.2235722222222223,2.7853,0.38066326734032985,0.16066468495687344,0.051182602300968855,0.50157
181,1.258726,362000.0,454792,1.8543618784530387,1.0072955801104972,2.226011049723757,2.789345303867403,0.3808928037432497,0.16047335924994283,0.0510101321043466,0.50157
182,1.260608,364000.0,457988,1.8574807692307693,1.0090274725274726,2.2280494505494506,2.7923653846153846,0.38110605518048507,0.16029459287142894,0.050907447356699304,0.50157
183,1.262587,366000.0,461227,1.860846994535519,1.0109453551912568,2.2302131147540982,2.7957677595628416,0.3813306679791079,0.16013589837542033,0.050773263490645607,0.50157
184,1.264993,368000.0,464631,1.8647010869565217,1.0132065217391304,2.232752717391304,2.7999945652173914,0.38160174417979,0.15999578159873104,0.050594988281023004,0.50157
185,1.266667,370000.0,467774,1.8675054054054054,1.0147675675675676,2.2345783783783784,2.802672972972973,0.38179762021831054,0.15981435479526437,0.050513709611906606,0.50157
186,1.268695,372000.0,471055,1.870758064516129,1.0166317204301076,2.236739247311828,2.8061236559139786,0.38197874982751484,0.15963740964430906,0.050382651707337786,0.50157
187,1.271137,374000.0,474499,1.8746737967914437,1.0189331550802139,2.2393048128342246,2.810398395721925,0.3822452734357712,0.15950297050151843,0.050206639002400424,0.50157
188,1.272637,376000.0,477599,1.8772287234042553,1.020345744680851,2.2409441489361703,2.812718085106383,0.3823856415109747,0.15929472214137802,0.05013410832099732,0.50157
189,1.274261,378000.0,480752,1.8801349206349207,1.0219973544973544,2.242785714285714,2.815579365079365,0.38259019203248246,0.15914858388524644,0.050017472626218924,0.50157
190,1.276615,380000.0,484188,1.8840315789473685,1.02425,2.2453131578947367,2.8197947368421055,0.3829132485728684,0.159080770279313,0.04984840599106132,0.50157
191,1.278104,382000.0,487304,1.8865,1.0255916230366493,2.246937172774869,2.8221256544502618,0.3830832498809778,0.15891517410076667,0.04978411833270402,0.50157
192,1.27979,384000.0,490501,1.8891666666666667,1.02709375,2.2487578125,2.8249270833333333,0.38323061522810353,0.15873973753366455,0.04969408828932051,0.50157
193,1.282063,386000.0,493931,1.8930440414507772,1.0293963730569948,2.2512279792746113,2.8290880829015546,0.3835211800838579,0.15865576365929654,0.04950084121061444,0.50157
194,1.283411,388000.0,497012,1.8953453608247424,1.0306572164948453,2.2527448453608248,2.8312371134020617,0.38368288894433134,0.15849516711870135,0.049439450154121024,0.50157
195,1.285146,390000.0,500249,1.8980948717948718,1.0322538461538462,2.2545384615384614,2.8340358974358972,0.3837988681636545,0.15829317000133933,0.049341427968871504,0.50157
196,1.287622,392000.0,503783,1.9022474489795917,1.0346811224489796,2.2571887755102042,2.8385867346938776,0.384123719934972,0.15825067538999926,0.0491441751706588,0.50157
197,1.289013,394000.0,506900,1.9044340101522843,1.0359137055837564,2.2586548223350253,2.8406624365482234,0.38421582166107715,0.1580351154073782,0.04908463207733281,0.50157
198,1.290453,396000.0,510042,1.9068030303030303,1.037219696969697,2.2602449494949495,2.843032828282828,0.3843663855133499,0.15789091878708028,0.04902341375808267,0.50157
199,1.293065,398000.0,513655,1.9111180904522613,1.0397613065326634,2.262994974874372,2.847743718592965,0.3847017940057042,0.15785303365099143,0.04881486600928639,0.50157
200,1.294174,400000.0,516679,1.912935,1.0407625,2.264235,2.8494475,0.3847727505859538,0.15764526911293086,0.04876915841363787,0.50157
201,1.295684,402000.0,519868,1.915313432835821,1.0421218905472638,2.2658308457711445,2.8518457711442786,0.38486500419337216,0.15745150692098764,0.04869312979448629,0.50157
202,1.298189,404000.0,523464,1.919470297029703,1.0445693069306932,2.268467821782178,2.8564257425742574,0.3851879021288952,0.1574186572524567,0.04849426130545749,0.50157
203,1.299326,406000.0,526516,1.9213275862068966,1.045613300492611,2.269706896551724,2.8581206896551725,0.38526274605140204,0.15721649484536082,0.04844677084836928,0.50157
204,1.300612,408000.0,529633,1.9235392156862745,1.0468235294117647,2.2711421568627452,2.8602377450980394,0.3854027222623968,0.1570842451282303,0.048386335443599625,0.50157
205,1.303239,410000.0,533304,1.9278658536585367,1.0493756097560976,2.2738829268292684,2.8649951219512193,0.38572558990744493,0.1570567631219717,0.048178899839491175,0.50157
206,1.30443,412000.0,536395,1.929631067961165,1.050393203883495,2.275145631067961,2.8667936893203882,0.3857679508571109,0.15683777812992292,0.048132439713271004,0.50157
207,1.305624,414000.0,539492,1.9315169082125603,1.051437198067633,2.276487922705314,2.868782608695652,0.3858685578284757,0.156686290065469,0.04808226998732141,0.50157
208,1.308163,416000.0,543152,1.93571875,1.05390625,2.27915625,2.8734110576923078,0.38618103219724864,0.15666148702389018,0.047881624296697796,0.50157
209,1.309359,418000.0,546262,1.9376387559808612,1.0549784688995216,2.28044976076555,2.875306220095694,0.3862468925167777,0.15648168827412487,0.04783052820807598,0.50157
210,1.310333,420000.0,549284,1.9392571428571428,1.0558714285714286,2.281554761904762,2.876797619047619,0.3863028961338761,0.15629437595123835,0.04778948594898085,0.50157
211,1.312723,422000.0,552906,1.9432251184834124,1.05821327014218,2.2840663507109005,2.8811682464454975,0.38660640325842005,0.15627068615641718,0.04760121973717051,0.50157
212,1.313803,424000.0,555983,1.9449716981132075,1.0591792452830189,2.2852806603773583,2.8828773584905663,0.38666470017968174,0.15608930488881853,0.04755720948302376,0.50157
213,1.314943,426000.0,559090,1.946917840375587,1.0602464788732395,2.2865539906103285,2.884718309859155,0.38679282405337245,0.15596773328086713,0.04750576830206228,0.50157
214,1.317163,428000.0,562663,1.9506658878504672,1.0624509345794393,2.288946261682243,2.8888528037383177,0.3870771669720596,0.1559512532368398,0.04732317568420173,0.50157
215,1.318282,430000.0,565772,1.9522953488372092,1.0633953488372092,2.290125581395349,2.890520930232558,0.3871117694053435,0.15575885692469757,0.0472769949732401,0.50157
216,1.31916,432000.0,568782,1.9538935185185184,1.0642453703703705,2.2911944444444443,2.891983796296296,0.3872239276207756,0.1556343203547229,0.04724305621485912,0.50157
217,1.321351,434000.0,572364,1.957569124423963,1.0664078341013825,2.2935230414746544,2.8960552995391704,0.3874981655030715,0.15561775373713232,0.04706794976623268,0.50157
218,1.32237,436000.0,575445,1.9591467889908256,1.0673325688073394,2.294644495412844,2.897690366972477,0.38753312653685407,0.15543275204407025,0.0470123122105501,0.50157
219,1.323344,438000.0,578510,1.9608333333333334,1.0682465753424657,2.295771689497717,2.8992420091324203,0.3876441202399267,0.15531451487441877,0.04697758033568996,0.50157
220,1.325529,440000.0,582111,1.9645,1.0703977272727272,2.2980954545454546,2.9032863636363637,0.38791742468360846,0.15529684201123153,0.046805506166349715,0.50157
221,1.326548,442000.0,585206,1.9661515837104073,1.071339366515837,2.2992171945701356,2.9048846153846153,0.3879693646339921,0.1551385324142268,0.04675960260147709,0.50157
222,1.327611,444000.0,588325,1.967939189189189,1.072313063063063,2.3003896396396395,2.906545045045045,0.3880899162877661,0.15502145922746782,0.04671737560022097,0.50157
223,1.329586,446000.0,591854,1.9712825112107624,1.0742578475336322,2.3025156950672647,2.9102107623318387,0.38833901604111826,0.15500444366347105,0.046563848516695,0.50157
224,1.330785,448000.0,595044,1.9733526785714286,1.0754330357142856,2.3038504464285716,2.912296875,0.38847043243860957,0.15490619181102575,0.04649404077681651,0.50157
225,1.331887,450000.0,598195,1.9751955555555556,1.0764444444444445,2.305057777777778,2.9140555555555556,0.3885856618661139,0.15479734869064435,0.04644639289863673,0.50157
226,1.333573,452000.0,601614,1.9779115044247788,1.0780353982300885,2.3068362831858407,2.9170199115044246,0.38875092667391387,0.15471880641075506,0.04633203349656092,0.50157
227,1.334838,454000.0,604849,1.98002422907489,1.079284140969163,2.3082202643171805,2.9192643171806165,0.3888639974605232,0.1546121428654094,0.04623963997625854,0.50157
228,1.335474,456000.0,607803,1.9812236842105264,1.0799429824561404,2.3090021929824562,2.9202390350877194,0.38892864957889317,0.15447110330156316,0.046217277637655624,0.50157
229,1.337123,458000.0,611222,1.9840218340611353,1.0815633187772926,2.3107794759825326,2.9232030567685587,0.38911721109515035,0.15441852551118906,0.04610108929325188,0.50157
230,1.337778,460000.0,614203,1.9851630434782608,1.082204347826087,2.3115673913043477,2.9243195652173912,0.38912867569842546,0.15428612364316033,0.04605154973192902,0.50157
231,1.338544,462000.0,617226,1.9863809523809524,1.0828939393939394,2.3124329004329005,2.925482683982684,0.3891637746951684,0.1541299297178019,0.04602690100546639,0.50157
232,1.340419,464000.0,620766,1.9895280172413794,1.0847413793103449,2.3144375,2.928926724137931,0.38940115921297236,0.15411765463959043,0.0458820231778158,0.50157
233,1.341005,466000.0,623727,1.9904828326180257,1.0852210300429184,2.315195278969957,2.9298927038626608,0.3893498277291187,0.15393593671590294,0.045883856238386346,0.50157
234,1.341795,468000.0,626773,1.9918333333333333,1.0859465811965812,2.3160641025641024,2.931053418803419,0.3894089247622345,0.1538020942191192,0.04586349443897551,0.50157
235,1.343775,470000.0,630380,1.9951170212765958,1.0878808510638298,2.3181468085106385,2.9346723404255317,0.38965068688727433,0.15379612297344458,0.045713696500523496,0.50157
236,1.34441,472000.0,633361,1.9962245762711865,1.0885148305084746,2.318915254237288,2.9356779661016947,0.38968929252037937,0.15364855114223958,0.04568484639881521,0.50157
237,1.345347,474000.0,636488,1.99773417721519,1.0893713080168776,2.319932489451477,2.9371455696202533,0.3897308354595845,0.15350800015082766,0.0456473649149709,0.50157
238,1.347222,476000.0,640064,2.0008004201680674,1.091174369747899,2.3218970588235295,2.9405168067226892,0.38996256624337566,0.15349871262873713,0.045512636236376365,0.50157
239,1.348006,478000.0,643127,2.002129707112971,1.0919372384937238,2.3227907949790794,2.941803347280335,0.39000384061001947,0.1533554025876693,0.045479353222613886,0.50157
240,1.348819,480000.0,646207,2.003522916666667,1.0926875,2.323725,2.9431479166666668,0.39009481481939995,0.15326048773844914,0.04545138013051545,0.50157
241,1.350663,482000.0,649786,2.0065809128630705,1.0944896265560167,2.325676348547718,2.94651244813278,0.3903192743457077,0.15325814960617803,0.04531184112923332,0.50157
242,1.351503,484000.0,652888,2.0079194214876033,1.0952417355371902,2.3265929752066117,2.947797520661157,0.39035791743760034,0.15311661418191175,0.04528188602026688,0.50157
243,1.35238,486000.0,656011,2.0092962962962964,1.0960185185185185,2.3275185185185183,2.9491255144032924,0.39039894148116416,0.15298219084740958,0.04524924124747908,0.50157
244,1.35424,488000.0,659616,2.0123545081967213,1.0978237704918032,2.3294631147540983,2.9525020491803278,0.39062120991607235,0.1529814316208218,0.04511109494008635,0.50157
245,1.354798,490000.0,662592,2.0134367346938777,1.0983938775510205,2.330173469387755,2.953430612244898,0.39070347966772917,0.15288593885830193,0.04508958755916159,0.50157
246,1.355421,492000.0,665602,2.014540650406504,1.099010162601626,2.330928861788618,2.9544207317073172,0.3907575397910463,0.15277147604724745,0.045065970354656384,0.50157
247,1.35713,494000.0,669150,2.017406882591093,1.1007165991902834,2.332761133603239,2.9576295546558704,0.390972128820145,0.15277441530299635,0.04492714637973549,0.50157
248,1.357837,496000.0,672209,2.0185604838709676,1.1013629032258065,2.333538306451613,2.9586774193548386,0.39100339328988454,0.15263407660415138,0.04491013955481108,0.50157
249,1.358497,498000.0,675247,2.019726907630522,1.1019759036144579,2.334325301204819,2.959722891566265,0.3910805971740711,0.15254862294834334,0.04488727828483503,0.50157
250,1.360249,500000.0,678833,2.022628,1.103696,2.336176,2.962952,0.39129211455542084,0.1525515111964209,0.044753275105953894,0.50157
251,1.360997,502000.0,681924,2.0239621513944224,1.1044143426294821,2.3370418326693225,2.964159362549801,0.39137352549550974,0.15246273778309608,0.04472932467547703,0.50157
252,1.361672,504000.0,684980,2.025099206349206,1.1050257936507937,2.3378174603174604,2.9652242063492062,0.39145084528015417,0.15237963152208825,0.04470787468247248,0.50157
253,1.36345,506000.0,688596,2.0280731225296442,1.1067905138339922,2.339693675889328,2.968525691699605,0.3916636169829624,0.15238252908817362,0.04457040122219705,0.50157
254,1.364244,508000.0,691720,2.0292933070866144,1.107470472440945,2.340557086614173,2.969765748031496,0.3916917249754236,0.1522566934597814,0.04455126351703001,0.50157
255,1.364959,510000.0,694807,2.030437254901961,1.1081019607843137,2.3413529411764706,2.9708803921568627,0.3917476363939914,0.15215304393882043,0.044530351594039785,0.50157
256,1.366675,512000.0,698408,2.033287109375,1.109775390625,2.343158203125,2.974037109375,0.3919514094913002,0.15215604632249344,0.044400980515687104,0.50157
257,1.36692,514000.0,701274,2.0337217898832685,1.110009727626459,2.343486381322957,2.97429766536965,0.39190102584724373,0.15200763182436536,0.04439634151558449,0.50157
258,1.367609,516000.0,704357,2.0348313953488373,1.110639534883721,2.3442422480620153,2.975375968992248,0.3919276730408017,0.1518888858916714,0.04436954555715355,0.50157
259,1.36931,518000.0,707966,2.0376718146718145,1.112326254826255,2.34603861003861,2.9785173745173745,0.3921332380368549,0.15189288751154717,0.04423941262716006,0.50157
260,1.369778,520000.0,710942,2.0385326923076925,1.112773076923077,2.346623076923077,2.9792115384615383,0.39220077024567407,0.15181125886499883,0.04422442337068284,0.50157
261,1.370377,522000.0,713988,2.0395114942528734,1.1133180076628353,2.3473103448275863,2.98011877394636,0.3922194770780461,0.1516916250693289,0.04420522473767066,0.50157
262,1.372108,524000.0,717629,2.0423893129770994,1.1150286259541984,2.349118320610687,2.983312977099237,0.3924242191996143,0.15170094854026245,0.04407151884887595,0.50157
263,1.372623,526000.0,720638,2.0432623574144486,1.1155323193916349,2.349730038022814,2.9841083650190114,0.392446693069197,0.1515767972269017,0.04405401880000777,0.50157
264,1.373193,528000.0,723678,2.0442424242424244,1.1160473484848485,2.3503958333333332,2.9849564393939394,0.3924867137041612,0.15147482720215344,0.04404445070874063,0.50157
265,1.374555,530000.0,727139,2.0464830188679244,1.1173849056603773,2.3518584905660376,2.9875056603773587,0.39261956792305186,0.15143321978328766,0.04394070459705778,0.50157
266,1.375179,532000.0,730214,2.047595864661654,1.1179981203007519,2.3525432330827067,2.9884304511278197,0.3926670811570307,0.1513309796854073,0.043921370995352045,0.50157
267,1.375727,534000.0,733251,2.048558052434457,1.1185355805243447,2.353252808988764,2.989419475655431,0.39271818245048423,0.15124970848999866,0.04388810925590282,0.50157
268,1.376837,536000.0,736591,2.0503190298507463,1.119617537313433,2.354438432835821,2.9914402985074626,0.3927878564902368,0.1511612278727272,0.04380857219270939,0.50157
269,1.377655,538000.0,739778,2.0516672862453533,1.1203587360594796,2.3553159851301113,2.9927081784386615,0.392866508601229,0.15109262508482274,0.04377664650746575,0.50157
270,1.378607,540000.0,743041,2.053148148148148,1.1211907407407407,2.3563277777777776,2.9942962962962962,0.3929500525543005,0.15103742592939018,0.043733791271275746,0.50157
271,1.379121,542000.0,746071,2.053638376383764,1.1215239852398524,2.3568357933579334,2.9949354243542436,0.39283928741366436,0.15081138390314058,0.043729082084680945,0.50157
272,1.380227,544000.0,749424,2.055544117647059,1.1226360294117648,2.3580845588235295,2.9970386029411764,0.3930004910437883,0.15081182348043298,0.04364151668481394,0.50157
273,1.380792,546000.0,752501,2.056335164835165,1.123069597069597,2.3587564102564103,2.9979835164835165,0.39293236819618843,0.15066558051085646,0.04363183570520172,0.50157
274,1.381356,548000.0,755565,2.057293795620438,1.1235894160583941,2.3593631386861316,2.9987317518248173,0.3929456764143389,0.15054032412830134,0.04362695466306671,0.50157
275,1.381763,550000.0,758546,2.0578654545454547,1.1239,2.3596618181818183,2.9987981818181817,0.3928713617895289,0.15032443648770147,0.043665117211085416,0.50157
276,1.382253,552000.0,761574,2.058601449275362,1.1243442028985506,2.3600307971014494,2.999014492753623,0.39278389230724786,0.1500944097356265,0.04368846625541313,0.50157
277,1.382715,554000.0,764588,2.0592851985559566,1.124731046931408,2.3603898916967507,2.999229241877256,0.3927121534735047,0.1498859516497774,0.043716354428790405,0.50157
278,1.383111,556000.0,767568,2.0598489208633093,1.1250377697841727,2.360679856115108,2.999293165467626,0.3926401309069685,0.14967533821107706,0.04375377816688554,0.50157
279,1.383552,558000.0,770574,2.0601397849462364,1.1252598566308243,2.361075268817204,2.999668458781362,0.39249961716850035,0.14943276051359117,0.04376477794475287,0.50157
280,1.384361,560000.0,773788,2.061442857142857,1.126025,2.3619660714285713,3.0010660714285713,0.39256876560504944,0.1493690778352727,0.04371610828805823,0.50157
281,1.384306,562000.0,776531,2.0613612099644127,1.125846975088968,2.362076512455516,3.0008701067615657,0.3925110523597899,0.14924967580173876,0.04376773110152718,0.50157
282,1.384561,564000.0,779438,2.0615673758865247,1.125918439716312,2.362299645390071,3.000849290780142,0.39244045068369776,0.14906252966881267,0.04380977062960749,0.50157
283,1.384842,566000.0,782360,2.0619575971731448,1.1261448763250883,2.3625194346289753,3.000821554770318,0.3923551817577586,0.1488496344393885,0.04383404059512245,0.50157
284,1.385212,568000.0,785334,2.0624771126760564,1.1264260563380282,2.3627922535211265,3.0008714788732394,0.39228150060993155,0.14865012848036632,0.043870506052201996,0.50157
285,1.385624,570000.0,788333,2.063084210526316,1.1267771929824562,2.3630964912280703,3.0010070175438597,0.3922022800009641,0.1484448830633755,0.04389896147947631,0.50157
286,1.386073,572000.0,791355,2.0635384615384615,1.127062937062937,2.363452797202797,3.00127972027972,0.3920958356237087,0.14821919366150463,0.043918342589608965,0.50157
287,1.386717,574000.0,794491,2.0646602787456447,1.1276811846689896,2.3641933797909407,3.0024076655052263,0.3921944993712956,0.14819551133996484,0.043880925019918415,0.50157
288,1.386629,576000.0,797208,2.064567708333333,1.127482638888889,2.364265625,3.0021059027777777,0.39225145758697855,0.14816334005679824,0.04392830980120621,0.50157
289,1.386513,578000.0,799909,2.064280276816609,1.1271332179930795,2.3642249134948097,3.001508650519031,0.3923033745088504,0.14810809729606741,0.044016256849216596,0.50157
290,1.38672,580000.0,802796,2.0643620689655173,1.1269655172413793,2.3644206896551725,3.001301724137931,0.39235621502847545,0.1480488193762799,0.044109586993457864,0.50157
291,1.386932,582000.0,805687,2.0648041237113404,1.1271219931271477,2.3648144329896907,3.001742268041237,0.3924414816175512,0.14803391391446058,0.04411762880622375,0.50157
292,1.387509,584000.0,808792,2.0659383561643834,1.127707191780822,2.3656027397260275,3.0029811643835616,0.39254344751184483,0.14803558887822826,0.044078081880137295,0.50157
293,1.387835,586000.0,811752,2.0664505119453924,1.127858361774744,2.366008532423208,3.0033293515358364,0.3926137539544097,0.14800456296997114,0.04411199479644029,0.50157
294,1.388234,588000.0,814756,2.06709693877551,1.128108843537415,2.3664778911564626,3.003860544217687,0.3926942544761867,0.1479804996833408,0.04413100363789895,0.50157
295,1.389125,590000.0,818052,2.0687474576271185,1.1290949152542373,2.367552542372881,3.005722033898305,0.3928442201718228,0.14800403886305516,0.04403754284568707,0.50157
296,1.389957,592000.0,821316,2.0701469594594593,1.1297905405405406,2.3684932432432433,3.007179054054054,0.39292793516746294,0.1480148931714468,0.044008639792722896,0.50157
297,1.390899,594000.0,824649,2.071828282828283,1.1307407407407408,2.3695723905723907,3.009016835016835,0.39305692482498616,0.14803389078262388,0.043933843368511936,0.50157
298,1.392419,596000.0,828329,2.074307046979866,1.132219798657718,2.3711459731543623,3.011820469798658,0.39323143340387695,0.14805831982219625,0.04381833788265291,0.50157
299,1.39369,598000.0,831867,2.0764816053511708,1.1335066889632106,2.372521739130435,3.01426254180602,0.39339341505312747,0.14808136396803817,0.043713718659352994,0.50157
300,1.395175,600000.0,835538,2.0789333333333335,1.1349683333333334,2.374058333333333,3.0170266666666667,0.3935655828938959,0.14810337770394644,0.04360065012004242,0.50157
301,1.396344,602000.0,839025,2.0809800664451825,1.1361860465116278,2.3753671096345514,3.0193787375415284,0.3937212836327881,0.14812788653496617,0.043498107922886685,0.50157
302,1.397281,604000.0,842377,2.0827417218543047,1.1372350993377482,2.3764917218543045,3.0213973509933774,0.39387233981934455,0.14814625755451538,0.043399807924480366,0.50157
303,1.398361,606000.0,845819,2.084641914191419,1.1383663366336634,2.3777128712871285,3.023582508250825,0.39402401695871103,0.14816999854578816,0.04330240867135877,0.50157
304,1.39961,608000.0,849368,2.0867828947368423,1.1396266447368422,2.379077302631579,3.0260263157894736,0.3941801433536465,0.1481901837601605,0.04320035602942423,0.50157
305,1.400916,610000.0,852957,2.088981967213115,1.1409344262295082,2.380467213114754,3.0284803278688526,0.39434227047787873,0.14821028492643826,0.04309713150838788,0.50157
306,1.40233,612000.0,856617,2.0913251633986927,1.1423251633986928,2.3819395424836602,3.0311323529411767,0.39450069284172506,0.1482366098267954,0.042988873673999,0.50157
307,1.403709,614000.0,860261,2.0936482084690553,1.143700325732899,2.3833778501628666,3.0337214983713356,0.3946604576983032,0.14825500632947441,0.042884659423128565,0.50157
308,1.4051,616000.0,863918,2.0959155844155846,1.1450503246753247,2.384827922077922,3.0362905844155845,0.39481756370396265,0.1482802766003255,0.04278068057385076,0.50157
309,1.406526,618000.0,867602,2.098260517799353,1.1464498381877022,2.386297734627832,3.038925566343042,0.3949771900018672,0.1483007185322302,0.04267509756777878,0.50157
310,1.407922,620000.0,871273,2.100567741935484,1.1478129032258064,2.3877483870967744,3.0415145161290322,0.395132180154785,0.1483254961418522,0.042572190346768464,0.50157
311,1.40931,622000.0,874945,2.1028504823151124,1.1491752411575562,2.389184887459807,3.04408038585209,0.3952888467275086,0.14834532456325827,0.042468955191469177,0.50157
312,1.410693,624000.0,878619,2.1051314102564103,1.1505272435897436,2.390620192307692,3.0466522435897434,0.3954398891897398,0.14836920212287694,0.04236534834780491,0.50157
313,1.412081,626000.0,882302,2.107408945686901,1.1518833865814697,2.3920543130990417,3.049209265175719,0.3955947056676739,0.14838910033072575,0.04226557346577476,0.50157
314,1.413433,628000.0,885968,2.109638535031847,1.1532070063694269,2.3934601910828026,3.0517404458598727,0.3957445415635779,0.14841393820092824,0.04216405107182201,0.50157
315,1.414797,630000.0,889647,2.1118936507936508,1.1545444444444444,2.3948682539682538,3.054249206349206,0.39589410181791207,0.14843303017938575,0.04206387477280315,0.50157
316,1.412763,632000.0,891188,2.1084430379746837,1.1524667721518986,2.3924715189873416,3.0496598101265824,0.3955439256363416,0.14827062303352379,0.042266053851712546,0.50157
317,1.410943,634000.0,892856,2.1051119873817035,1.1503501577287065,2.390717665615142,3.045378548895899,0.39503010563853524,0.14803730948775615,0.042563414481170535,0.50157
318,1.409099,636000.0,894502,2.101729559748428,1.1482122641509434,2.388935534591195,3.041020440251572,0.3945189613885715,0.1477939680403174,0.04286854585009312,0.50157
319,1.40731,638000.0,896175,2.098438871473354,1.1461238244514107,2.3872115987460814,3.0367899686520374,0.3940078667670935,0.1475615811643931,0.043164560493207244,0.50157
320,1.405486,640000.0,897819,2.0950890625,1.14400625,2.3854484375,3.0324921875,0.3935013627468343,0.1473203396230198,0.04346644479566594,0.50157
321,1.403714,642000.0,899489,2.0918489096573207,1.1419470404984424,2.383741433021807,3.028309968847352,0.3929942445099384,0.14709018120288297,0.043760401739209705,0.50157
322,1.401922,644000.0,901139,2.0885403726708076,1.139858695652174,2.382009316770186,3.024063664596273,0.39248994883142335,0.1468497090903845,0.04406090514337965,0.50157
323,1.399827,646000.0,902587,2.0848544891640866,1.1375681114551084,2.3796068111455106,3.019277089783282,0.3921151091252145,0.14664846712837654,0.04433700020053469,0.50157
324,1.398128,648000.0,904282,2.0816913580246914,1.1355354938271605,2.3779814814814815,3.0153024691358024,0.39165437330390296,0.14642224438836557,0.04464315335260461,0.50157
325,1.396337,650000.0,905911,2.078416923076923,1.133473846153846,2.376250769230769,3.011075384615385,0.391162045719723,0.14618764978016605,0.04493598156993347,0.50157
326,1.39453,652000.0,907522,2.075164110429448,1.1314263803680982,2.3745076687116566,3.006849693251534,0.39068143802574484,0.1459711169536386,0.045213228990591964,0.50157
327,1.392732,654000.0,909132,2.0718883792048928,1.1293700305810397,2.372769113149847,3.0026162079510703,0.39019856302495126,0.14574121249719513,0.04550054337543943,0.50157
328,1.39098,656000.0,910765,2.0686951219512193,1.127358231707317,2.3710823170731707,2.998503048780488,0.38971084747437595,0.14551064215247622,0.045787881616004125,0.50157
329,1.389257,658000.0,912410,2.0655395136778116,1.1253617021276596,2.36941641337386,2.9944316109422493,0.38922414265516597,0.14528885040716344,0.046072489341414495,0.50157
330,1.387525,660000.0,914042,2.062398484848485,1.1233772727272728,2.3677484848484847,2.990381818181818,0.388740342347507,0.1450611678675597,0.046356731966364785,0.50157
331,1.38585,662000.0,915705,2.0593157099697885,1.1214229607250756,2.366129909365559,2.986404833836858,0.38825167493898144,0.1448370381290918,0.04664384272227409,0.50157
332,1.384199,664000.0,917377,2.056281626506024,1.1194969879518073,2.3645406626506023,2.982504518072289,0.38776424523396597,0.14461557244186415,0.046925091865176474,0.50157
333,1.382519,666000.0,919023,2.053186186186186,1.117542042042042,2.3629174174174175,2.9785345345345347,0.38727975251979546,0.14438485217453753,0.047214269936660995,0.50157
334,1.380883,668000.0,920692,2.050193113772455,1.1156377245508982,2.3613428143712576,2.974681137724551,0.3867960186468439,0.14416547553362036,0.04749362436080687,0.50157
335,1.379225,670000.0,922340,2.047144776119403,1.113713432835821,2.359741791044776,2.9707567164179105,0.3863152416679316,0.14393607563371424,0.04778064488149706,0.50157
336,1.377612,672000.0,924011,2.0441815476190475,1.1118318452380953,2.3581889880952382,2.966947916666667,0.38583415132503834,0.1437179860412917,0.04805895167914668,0.50157
337,1.37597,674000.0,925656,2.041172106824926,1.109927299703264,2.3566023738872404,2.963074183976261,0.3853569792665958,0.14349067040023508,0.04834409327007009,0.50157
338,1.374377,676000.0,927328,2.0382455621301774,1.108069526627219,2.355069526627219,2.9593121301775147,0.38487999930984507,0.14327400876496774,0.04861925877359467,0.50157
339,1.372794,678000.0,929000,2.0352713864306784,1.1061533923303835,2.353551622418879,2.955607669616519,0.3844736275565124,0.14304951560818083,0.04892680301399354,0.50157
340,1.371185,680000.0,930648,2.032305882352941,1.104279411764706,2.3519970588235295,2.9518073529411764,0.38400018051938006,0.14282413973919247,0.04920872338413664,0.50157
341,1.369614,682000.0,932316,2.029432551319648,1.1024530791788856,2.3504853372434016,2.9481055718475075,0.38352876063480623,0.14261044538547016,0.049481077231325,0.50157
342,1.368065,684000.0,933992,2.026527777777778,1.1005950292397662,2.3489897660818713,2.9444342105263157,0.3830921463995409,0.14238237586617444,0.049778798961875474,0.50157
343,1.366504,686000.0,935654,2.02367638483965,1.0987842565597667,2.3474854227405246,2.940753644314869,0.3826318275772882,0.14217648831726257,0.05004627779072179,0.50157
344,1.364939,688000.0,937307,2.020780523255814,1.0969476744186046,2.3459723837209303,2.9370581395348836,0.38217467702684393,0.1419534901585073,0.05032929445741897,0.50157
345,1.363488,690000.0,939032,2.0179942028985507,1.095136231884058,2.3445695652173915,2.9335797101449277,0.38177186719941386,0.14173105921842918,0.05063618705219843,0.50157
346,1.361964,692000.0,940701,2.015200867052023,1.0933627167630058,2.3431026011560694,2.929984104046243,0.38130819463357646,0.1415210571690686,0.0509035283262163,0.50157
347,1.360402,694000.0,942338,2.0123530259365996,1.0915677233429395,2.341599423631124,2.9263400576368874,0.38084954655335984,0.14130280217926053,0.051176966226555654,0.50157
348,1.358906,696000.0,944014,2.0096020114942528,1.0898146551724137,2.340153735632184,2.9227758620689657,0.38038736713650434,0.14109324649846294,0.05144415231130047,0.50157
349,1.357412,698000.0,945686,2.0068567335243555,1.0880716332378224,2.3387163323782234,2.919246418338109,0.3799284329047908,0.14088502949181864,0.051708495208769086,0.50157
350,1.35572,700000.0,947213,2.003835714285714,1.0862657142857144,2.33698,2.91562,0.3795365984208409,0.14070963975367737,0.05196719217324931,0.50157
351,1.35289,702000.0,947877,1.9996381766381766,1.084005698005698,2.3334358974358973,2.9101809116809116,0.37942264660921193,0.14082417866453137,0.05205105725742897,0.50157
352,1.34983,704000.0,948487,1.9952230113636364,1.0816534090909091,2.329299715909091,2.904582386363636,0.37929987443159474,0.1408738338005687,0.05214304465954726,0.50157
353,1.346278,706000.0,948666,1.9899745042492918,1.0788073654390935,2.323841359773371,2.8972535410764872,0.3792599292058533,0.14089047146203196,0.05216272112629735,0.50157
354,1.342872,708000.0,948959,1.9850748587570621,1.0761991525423729,2.3189802259887005,2.890725988700565,0.3792081638932767,0.1408817451544271,0.05221616529270495,0.50157
355,1.340268,710000.0,949794,1.9817577464788732,1.0741957746478874,2.316521126760563,2.8867014084507043,0.3791548483144766,0.1409695154949389,0.05234398195819304,0.50157
356,1.337065,712000.0,950193,1.9784452247191011,1.0715926966292135,2.3137837078651686,2.8810351123595503,0.3792966271062826,0.14115027157640606,0.05238198976418475,0.50157
357,1.334024,714000.0,950695,1.9744915966386554,1.0691134453781512,2.310564425770308,2.8754383753501402,0.3793309105443912,0.14127769684283603,0.052454257148717515,0.50157
358,1.331137,716000.0,951256,1.9700614525139666,1.0668449720670392,2.306645251396648,2.8699120111731844,0.37925752899324683,0.14128478558873742,0.0525683937867409,0.50157
359,1.327689,718000.0,951481,1.9649930362116992,1.0641295264623956,2.3018997214484678,2.8630362116991646,0.3792109353733811,0.141300772164657,0.05261271638634928,0.50157
360,1.326615,718636.0,951555,1.9633778435814515,1.0632712527621773,2.300509576475434,2.860922636772998,0.37920246333632845,0.1413013435902286,0.05262859214653909,0.50157
